[
	{
		"name": "xbox_face_button_down",
		"code": "0xE000"
	},
	{
		"name": "xbox_face_button_right",
		"code": "0xE001"
	},
	{
		"name": "xbox_face_button_left",
		"code": "0xE002"
	},
	{
		"name": "xbox_face_button_up",
		"code": "0xE003"
	},
	{
		"name": "xbox_bumper_left",
		"code": "0xE004"
	},
	{
		"name": "xbox_bumper_right",
		"code": "0xE005"
	},
	{
		"name": "xbox_trigger_left",
		"code": "0xE006"
	},
	{
		"name": "xbox_trigger_right",
		"code": "0xE007"
	},
	{
		"name": "xbox_select",
		"code": "0xE008"
	},
	{
		"name": "xbox_start",
		"code": "0xE009"
	},
	{
		"name": "xbox_stick_left",
		"code": "0xE00A"
	},
	{
		"name": "xbox_stick_right",
		"code": "0xE00B"
	},
	{
		"name": "xbox_dpad_up",
		"code": "0xE00C"
	},
	{
		"name": "xbox_dpad_left",
		"code": "0xE00D"
	},
	{
		"name": "xbox_dpad_down",
		"code": "0xE00E"
	},
	{
		"name": "xbox_dpad_right",
		"code": "0xE00F"
	},
	{
		"name": "tip_face_button_down",
		"code": "0xE010"
	},
	{
		"name": "tip_face_button_right",
		"code": "0xE011"
	},
	{
		"name": "tip_face_button_left",
		"code": "0xE012"
	},
	{
		"name": "tip_face_button_up",
		"code": "0xE013"
	},
	{
		"name": "ps4_face_button_down",
		"code": "0xE020"
	},
	{
		"name": "ps4_face_button_right",
		"code": "0xE021"
	},
	{
		"name": "ps4_face_button_left",
		"code": "0xE022"
	},
	{
		"name": "ps4_face_button_up",
		"code": "0xE023"
	},
	{
		"name": "ps4_bumper_left",
		"code": "0xE024"
	},
	{
		"name": "ps4_bumper_right",
		"code": "0xE025"
	},
	{
		"name": "ps4_trigger_left",
		"code": "0xE026"
	},
	{
		"name": "ps4_trigger_right",
		"code": "0xE027"
	},
	{
		"name": "ps4_select",
		"code": "0xE028"
	},
	{
		"name": "ps4_start",
		"code": "0xE029"
	},
	{
		"name": "ps4_stick_left",
		"code": "0xE02A"
	},
	{
		"name": "ps4_stick_right",
		"code": "0xE02B"
	},
	{
		"name": "ps4_dpad_up",
		"code": "0xE02C"
	},
	{
		"name": "ps4_dpad_left",
		"code": "0xE02D"
	},
	{
		"name": "ps4_dpad_down",
		"code": "0xE02E"
	},
	{
		"name": "ps4_dpad_right",
		"code": "0xE02F"
	},
	{
		"name": "switch_face_button_down",
		"code": "0xE040"
	},
	{
		"name": "switch_face_button_right",
		"code": "0xE041"
	},
	{
		"name": "switch_face_button_left",
		"code": "0xE042"
	},
	{
		"name": "switch_face_button_up",
		"code": "0xE043"
	},
	{
		"name": "switch_bumper_left",
		"code": "0xE044"
	},
	{
		"name": "switch_bumper_right",
		"code": "0xE045"
	},
	{
		"name": "switch_trigger_left",
		"code": "0xE046"
	},
	{
		"name": "switch_trigger_right",
		"code": "0xE047"
	},
	{
		"name": "switch_select",
		"code": "0xE048"
	},
	{
		"name": "switch_start",
		"code": "0xE049"
	},
	{
		"name": "switch_stick_left",
		"code": "0xE04A"
	},
	{
		"name": "switch_stick_right",
		"code": "0xE04B"
	},
	{
		"name": "switch_dpad_up",
		"code": "0xE04C"
	},
	{
		"name": "switch_dpad_left",
		"code": "0xE04D"
	},
	{
		"name": "switch_dpad_down",
		"code": "0xE04E"
	},
	{
		"name": "switch_dpad_right",
		"code": "0xE04F"
	},
	{
		"name": "mouse_left_button",
		"code": "0xE060"
	},
	{
		"name": "mouse_right_button",
		"code": "0xE061"
	},
	{
		"name": "mouse_middle_button",
		"code": "0xE062"
	},
	{
		"name": "mouse_button",
		"code": "0xE063"
	},
	{
		"name": "tip_touch_forward",
		"code": "0xE065"
	},
	{
		"name": "tip_touch_left",
		"code": "0xE066"
	},
	{
		"name": "tip_touch_back",
		"code": "0xE067"
	},
	{
		"name": "tip_touch_right",
		"code": "0xE068"
	},
	{
		"name": "tip_touch_jump",
		"code": "0xE069"
	},
	{
		"name": "tip_touch_sneak",
		"code": "0xE06A"
	},
	{
		"name": "tip_touch_inventory",
		"code": "0xE06B"
	},
	{
		"name": "tip_touch_fly_up",
		"code": "0xE06C"
	},
	{
		"name": "tip_touch_fly_down",
		"code": "0xE06D"
	},
	{
		"name": "tip_left_trigger",
		"code": "0xE06E"
	},
	{
		"name": "tip_right_trigger",
		"code": "0xE06F"
	},
	{
		"name": "light_mouse_left_button",
		"code": "0xE070"
	},
	{
		"name": "light_mouse_right_button",
		"code": "0xE071"
	},
	{
		"name": "light_mouse_middle_button",
		"code": "0xE072"
	},
	{
		"name": "light_mouse_button",
		"code": "0xE073"
	},
	{
		"name": "tip_left_stick",
		"code": "0xE075"
	},
	{
		"name": "tip_right_stick",
		"code": "0xE076"
	},
	{
		"name": "touch_forward",
		"code": "0xE080"
	},
	{
		"name": "touch_left",
		"code": "0xE081"
	},
	{
		"name": "touch_back",
		"code": "0xE082"
	},
	{
		"name": "touch_right",
		"code": "0xE083"
	},
	{
		"name": "touch_jump",
		"code": "0xE084"
	},
	{
		"name": "touch_sneak",
		"code": "0xE085"
	},
	{
		"name": "touch_fly_up",
		"code": "0xE086"
	},
	{
		"name": "touch_fly_down",
		"code": "0xE087"
	},
	{
		"name": "craftable_toggle_on",
		"code": "0xE0A0"
	},
	{
		"name": "craftable_toggle_off",
		"code": "0xE0A1"
	},
	{
		"name": "shank",
		"code": "0xE100"
	},
	{
		"name": "armor",
		"code": "0xE101"
	},
	{
		"name": "minecoin",
		"code": "0xE102"
	},
	{
		"name": "code_builder_button",
		"code": "0xE103"
	},
	{
		"name": "immersive_reader_button",
		"code": "0xE104"
	},
	{
		"name": "token",
		"code": "0xE102"
	},
	{
		"name": "hollow_star",
		"code": "0xE106"
	},
	{
		"name": "solid_star",
		"code": "0xE107"
	},
	{
		"name": "windowsmr_left_grab",
		"code": "0xE0C0"
	},
	{
		"name": "windowsmr_right_grab",
		"code": "0xE0C1"
	},
	{
		"name": "windowsmr_menu",
		"code": "0xE0C2"
	},
	{
		"name": "windowsmr_left_stick",
		"code": "0xE0C3"
	},
	{
		"name": "windowsmr_right_stick",
		"code": "0xE0C4"
	},
	{
		"name": "windowsmr_left_touchpad",
		"code": "0xE0C5"
	},
	{
		"name": "windowsmr_left_touchpad_horizontal",
		"code": "0xE0C6"
	},
	{
		"name": "windowsmr_left_touchpad_vertical",
		"code": "0xE0C7"
	},
	{
		"name": "windowsmr_right_touchpad",
		"code": "0xE0C8"
	},
	{
		"name": "windowsmr_right_touchpad_horizontal",
		"code": "0xE0C9"
	},
	{
		"name": "windowsmr_right_touchpad_vertical",
		"code": "0xE0CA"
	},
	{
		"name": "windowsmr_left_trigger",
		"code": "0xE0CB"
	},
	{
		"name": "windowsmr_right_trigger",
		"code": "0xE0CC"
	},
	{
		"name": "windowsmr_windows",
		"code": "0xE0CD"
	},
	{
		"name": "rift_0",
		"code": "0xE0E0"
	},
	{
		"name": "rift_A",
		"code": "0xE0E1"
	},
	{
		"name": "rift_B",
		"code": "0xE0E2"
	},
	{
		"name": "rift_left_grab",
		"code": "0xE0E3"
	},
	{
		"name": "rift_right_grab",
		"code": "0xE0E4"
	},
	{
		"name": "rift_left_stick",
		"code": "0xE0E5"
	},
	{
		"name": "rift_right_stick",
		"code": "0xE0E6"
	},
	{
		"name": "rift_left_trigger",
		"code": "0xE0E7"
	},
	{
		"name": "rift_right_trigger",
		"code": "0xE0E8"
	},
	{
		"name": "rift_X",
		"code": "0xE0E9"
	},
	{
		"name": "rift_Y",
		"code": "0xE0EA"
	},
	{
		"name": "nbsp",
		"code": "0xE0FF"
	},
	{
		"name": "ha",
		"code": "0xE108"
	},
	{
		"name": "axol",
		"code": "0xE109"
	},
	{
		"name": "kernel",
		"code": "0xE10A"
	},
	{
		"name": "rich",
		"code": "0xE10B"
	},
	{
		"name": "medal",
		"code": "0xE10C"
	},
		{
		"name": "louis",
		"code": "0xE10D"
	},
	{
		"name": "convez",
		"code": "0xE10E"
	}
]